代码,年化收益%,夏普比率,最大回撤%
159834,1.67,0.39,0.96
159831,1.63,0.36,0.93
159830,1.42,0.16,0.96
159381,1.32,0.0,0.25
159367,0.87,0.0,0.21
159373,0.87,0.0,0.22
159383,0.87,0.0,0.21
159370,0.86,0.0,0.22
159371,0.84,0.0,0.36
159375,0.84,0.0,0.23
588170,0.81,0.0,0.24
588660,0.8,0.0,0.24
159368,0.76,0.0,0.2
563230,0.68,0.0,0.05
589100,0.65,0.0,0.32
159382,0.54,0.0,0.27
588770,0.53,0.0,0.27
588710,0.51,0.0,0.24
588040,0.51,0.0,0.24
588240,0.51,0.0,0.18
588720,0.49,0.0,0.26
589010,0.47,0.0,0.3
159388,0.46,0.0,0.25
159242,0.45,0.0,0.21
589990,0.44,0.0,0.2
589630,0.44,0.0,0.18
563210,0.44,0.0,0.18
588960,0.43,0.0,0.23
159246,0.43,0.0,0.24
589500,0.41,0.0,0.18
589770,0.41,0.0,0.18
589660,0.41,0.0,0.19
589800,0.41,0.0,0.19
589900,0.4,0.0,0.19
589890,0.4,0.0,0.19
589080,0.4,0.0,0.19
589000,0.4,0.0,0.19
588820,0.4,0.0,0.21
589860,0.4,0.0,0.18
589880,0.39,0.0,0.19
589600,0.39,0.0,0.19
589680,0.38,0.0,0.18
589700,0.37,0.0,0.22
588870,0.37,0.0,0.25
588950,0.36,0.0,0.26
588810,0.36,0.0,0.35
159386,0.35,0.0,0.08
159379,0.35,0.0,0.08
560750,0.35,0.0,0.08
588840,0.35,0.0,0.23
563860,0.34,0.0,0.08
159376,0.33,0.0,0.08
159218,0.33,0.0,0.12
159380,0.33,0.0,0.08
512080,0.33,0.0,0.08
561880,0.33,0.0,0.07
561220,0.31,0.0,0.27
159385,0.31,0.0,0.27
589300,0.31,0.0,0.2
159389,0.3,0.0,0.27
159206,0.29,0.0,0.1
159201,0.29,0.0,0.08
520550,0.27,0.0,0.08
530580,0.25,0.0,0.07
530300,0.25,0.0,0.08
159273,0.25,0.0,0.17
530080,0.25,0.0,0.08
530800,0.25,0.0,0.07
159366,0.24,0.0,0.33
159372,0.24,0.0,0.22
530280,0.24,0.0,0.08
510040,0.22,0.0,0.08
530680,0.22,0.0,0.07
563320,0.22,0.0,0.04
159369,0.2,0.0,0.17
588730,0.2,0.0,0.31
159205,0.19,0.0,0.19
159336,0.19,0.0,0.06
159263,0.18,0.0,0.06
560120,0.18,0.0,0.04
159267,0.17,0.0,0.08
159393,0.17,0.0,0.11
560630,0.17,0.0,0.19
159227,0.17,0.0,0.11
159213,0.17,0.0,0.22
159249,0.16,0.0,0.01
159283,0.16,0.0,0.07
589520,0.16,0.0,0.13
589820,0.15,0.0,0.03
159241,0.15,0.0,0.1
159279,0.15,0.0,0.0
159292,0.15,0.0,0.03
159500,0.15,0.0,0.03
159208,0.14,0.0,0.1
563600,0.13,0.0,0.01
159291,0.13,0.0,0.04
512370,0.12,0.0,0.02
159290,0.12,0.0,0.04
159217,0.12,0.0,0.4
159289,0.12,0.0,0.04
159391,0.12,0.0,0.04
159311,0.12,0.0,0.25
588930,0.11,0.0,0.33
588270,0.11,0.0,0.19
530380,0.11,0.0,0.02
589780,0.11,0.0,0.03
520580,0.1,0.0,0.05
159378,0.1,0.0,0.18
159288,0.1,0.0,0.03
159287,0.1,0.0,0.04
159248,0.1,0.0,0.22
159316,0.1,0.0,0.39
588760,0.1,0.0,0.16
530530,0.09,0.0,0.02
561090,0.09,0.0,0.08
563630,0.09,0.0,0.03
588940,0.08,0.0,0.26
563620,0.08,0.0,0.03
159240,0.08,0.0,0.03
159276,0.07,0.0,0.03
159223,0.07,0.0,0.04
159238,0.07,0.0,0.02
159226,0.07,0.0,0.03
159272,0.07,0.0,0.06
563650,0.06,0.0,0.03
588790,0.06,0.0,0.17
159275,0.06,0.0,0.01
159377,0.06,0.0,0.23
561750,0.06,0.0,0.03
512060,0.06,0.0,0.03
561080,0.06,0.0,0.03
159215,0.06,0.0,0.03
588250,0.06,0.0,0.25
159222,0.06,0.0,0.04
563550,0.06,0.0,0.03
563660,0.05,0.0,0.03
589980,0.05,0.0,0.21
159221,0.05,0.0,0.04
159233,0.05,0.0,0.04
563830,0.05,0.0,0.03
159270,0.05,0.0,0.08
512130,0.05,0.0,0.03
563680,0.05,0.0,0.03
159235,0.05,0.0,0.04
561770,0.05,0.0,0.03
159225,0.05,0.0,0.04
159266,0.05,0.0,0.09
563060,0.05,0.0,0.06
512240,0.05,0.0,0.02
159390,0.05,0.0,0.03
588550,0.05,0.0,0.04
159232,0.05,0.0,0.04
589200,0.05,0.0,0.12
563580,0.05,0.0,0.03
560820,0.05,0.0,0.03
563770,0.05,0.0,0.03
159211,0.04,0.0,0.13
516460,0.04,0.0,0.03
563390,0.04,0.0,0.03
501227,0.04,0.0,0.12
159229,0.04,0.0,0.03
159203,0.04,0.0,0.11
563760,0.04,0.0,0.04
561870,0.04,0.0,0.03
159236,0.04,0.0,0.04
563990,0.04,0.0,0.03
159298,0.04,0.0,0.09
563780,0.04,0.0,0.03
510320,0.04,0.0,0.03
589580,0.04,0.0,0.18
159259,0.03,0.0,0.12
563700,0.03,0.0,0.08
159219,0.03,0.0,0.12
560570,0.03,0.0,0.0
159212,0.03,0.0,0.13
513830,0.03,0.0,0.11
159216,0.03,0.0,0.13
159210,0.02,0.0,0.19
563900,0.02,0.0,0.03
589060,0.02,0.0,0.19
588670,0.02,0.0,0.21
512250,0.01,0.0,0.07
562810,0.01,0.0,0.03
159399,0.01,0.0,0.03
561680,0.01,0.0,0.01
159296,0.01,0.0,0.01
520940,-0.01,0.0,0.04
589180,-0.01,0.0,0.15
159392,-0.01,0.0,0.12
560190,-0.01,0.0,0.02
159230,-0.01,0.0,0.12
159220,-0.01,0.0,0.01
159231,-0.01,0.0,0.06
512030,-0.01,0.0,0.07
159228,-0.01,0.0,0.01
159365,-0.02,0.0,0.04
589020,-0.02,0.0,0.13
159271,-0.02,0.0,0.04
159387,-0.03,0.0,0.23
588910,-0.03,0.0,0.13
159257,-0.03,0.0,0.11
563690,-0.04,0.0,0.01
562870,-0.04,0.0,0.1
159239,-0.04,0.0,0.24
159261,-0.05,0.0,0.22
589120,-0.05,0.0,0.06
589560,-0.06,0.0,0.05
515720,-0.06,0.0,0.03
159202,-0.06,0.0,0.23
588850,-0.06,0.0,0.16
588980,-0.07,0.0,0.12
589050,-0.07,0.0,0.13
520720,-0.08,0.0,0.06
159277,-0.08,0.0,0.04
520920,-0.09,0.0,0.04
588520,-0.09,0.0,0.14
589380,-0.1,0.0,0.29
159281,-0.1,0.0,0.05
508084,-0.11,0.0,0.2
563670,-0.12,0.0,0.03
159109,-0.12,0.0,0.04
159299,-0.13,0.0,0.06
159103,-0.14,0.0,0.06
159245,-0.14,0.0,0.1
588690,-0.14,0.0,0.07
159255,-0.14,0.0,0.11
159265,-0.15,0.0,0.1
589550,-0.15,0.0,0.15
520560,-0.16,0.0,0.05
589960,-0.16,0.0,0.07
159278,-0.18,0.0,0.13
159268,-0.18,0.0,0.09
159107,-0.19,0.0,0.06
520620,-0.19,0.0,0.08
159258,-0.19,0.0,0.13
159286,-0.2,0.0,0.12
159102,-0.21,0.0,0.08
159237,-0.23,0.0,0.23
562050,-0.23,0.0,0.14
589850,-0.25,0.0,0.19
520880,-0.25,0.0,0.17
588920,-0.26,0.0,0.26
159297,-0.26,0.0,0.1
560770,-0.26,0.0,0.1
159550,-0.26,0.0,0.15
508080,-0.28,0.0,0.26
159262,-0.31,0.0,0.19
588130,-0.33,0.0,0.2
520860,-0.34,0.0,0.16
520970,-0.35,0.0,0.13
159269,-0.35,0.0,0.19
159251,-0.35,0.0,0.17
589720,-0.35,0.0,0.15
520980,-0.36,0.0,0.23
159101,-0.38,0.0,0.14
520510,-0.39,0.0,0.16
520840,-0.39,0.0,0.14
508092,-0.41,0.0,0.36
520670,-0.41,0.0,0.18
159280,-0.41,0.0,0.16
159256,-0.44,0.0,0.2
589090,-0.47,0.0,0.17
508078,-0.47,0.0,0.46
520690,-0.57,0.0,0.22
508016,-0.57,0.0,0.37
508055,-0.76,0.0,0.63
508085,-0.87,0.0,0.57
508087,-1.07,0.0,1.07
518890,1.14,-0.03,0.93
518860,1.13,-0.03,1.02
518680,1.08,-0.04,0.96
518600,1.07,-0.05,1.03
518850,1.03,-0.05,0.93
518660,1.02,-0.06,0.93
159812,1.01,-0.07,0.92
159968,0.65,-0.39,3.11
159937,0.64,-0.42,0.92
508028,0.98,-0.44,0.79
159934,0.62,-0.44,0.96
508096,0.54,-0.47,2.5
508011,0.96,-0.48,0.43
518880,0.56,-0.49,0.91
518800,0.55,-0.5,0.9
510530,0.46,-0.52,2.98
510590,0.39,-0.55,2.96
510500,0.35,-0.57,6.04
508007,0.69,-0.6,1.54
515350,0.42,-0.6,2.29
508008,0.45,-0.68,1.43
511920,-1.05,-0.68,12.36
515360,0.43,-0.69,2.18
511380,0.42,-0.72,2.01
510180,0.2,-0.73,3.64
515660,0.34,-0.84,2.39
508017,0.75,-0.85,0.33
159562,0.37,-0.85,0.46
159902,0.18,-0.85,3.17
516160,0.05,-0.85,3.1
510880,0.12,-0.87,3.84
510390,0.22,-0.9,2.31
510050,0.15,-0.91,3.15
501046,0.43,-0.92,1.88
159916,0.27,-0.95,2.38
515700,0.26,-0.96,2.23
510130,0.26,-0.99,3.09
510330,0.26,-0.99,2.35
159901,0.15,-1.04,2.31
508058,0.46,-1.08,0.86
510300,0.23,-1.08,2.34
159919,0.23,-1.1,2.32
510350,0.2,-1.12,2.35
511180,0.39,-1.14,0.91
159925,0.25,-1.14,2.12
515880,0.32,-1.17,0.7
510310,0.24,-1.18,2.09
508068,0.3,-1.22,0.81
159948,0.16,-1.22,2.08
501057,0.21,-1.24,2.15
501058,0.2,-1.26,2.14
515380,0.05,-1.26,2.7
501077,0.24,-1.27,1.94
508006,0.17,-1.32,3.73
501064,0.33,-1.33,1.41
159695,0.41,-1.35,0.35
159915,0.18,-1.35,2.56
508000,0.04,-1.35,2.13
517520,0.52,-1.37,0.37
159315,0.49,-1.38,0.28
515030,0.18,-1.4,1.77
508098,0.15,-1.41,1.07
159322,0.49,-1.44,0.27
501099,0.21,-1.46,1.12
508026,0.63,-1.47,0.49
510710,0.16,-1.47,1.84
510600,0.22,-1.48,1.7
517400,0.46,-1.49,0.26
510190,0.11,-1.49,2.49
501082,0.28,-1.5,1.0
159582,0.75,-1.51,0.37
159597,0.74,-1.53,0.44
508056,-0.12,-1.55,2.31
513310,0.5,-1.56,0.52
159321,0.46,-1.57,0.27
159507,0.44,-1.57,0.29
588990,0.63,-1.59,0.51
159690,0.35,-1.59,0.27
512500,-0.02,-1.63,2.37
588070,0.7,-1.64,0.22
512770,0.17,-1.65,1.51
561380,0.78,-1.66,0.21
159320,0.78,-1.67,0.21
159566,0.52,-1.67,0.32
508027,-0.09,-1.67,2.33
515530,0.09,-1.68,1.85
510580,0.06,-1.71,1.63
508018,-0.57,-1.74,2.81
588020,0.44,-1.77,0.26
159908,0.15,-1.78,1.72
510660,0.11,-1.78,2.12
561980,0.45,-1.82,0.33
501083,0.15,-1.82,1.0
512220,0.16,-1.83,1.69
510020,0.12,-1.84,1.65
515050,0.19,-1.85,0.83
588110,0.42,-1.86,0.26
159922,0.14,-1.86,2.45
510100,0.15,-1.87,1.39
159327,0.5,-1.88,0.37
501078,0.19,-1.88,1.31
520700,0.54,-1.9,0.42
563330,0.5,-1.9,0.56
561330,0.25,-1.9,0.44
159964,0.19,-1.9,1.19
159511,0.41,-1.91,0.3
501075,0.25,-1.91,1.09
159811,0.18,-1.91,0.53
159957,0.14,-1.91,1.21
512100,0.07,-1.92,1.46
588890,0.89,-1.93,0.56
516150,0.18,-1.93,0.93
501081,0.26,-1.95,0.95
159305,0.54,-1.97,0.24
513780,0.59,-1.98,0.43
510850,0.12,-1.99,1.65
159652,0.21,-2.0,0.37
516300,0.04,-2.02,1.35
501009,0.02,-2.03,1.83
516780,0.17,-2.04,0.89
588200,0.4,-2.05,0.73
159918,0.1,-2.05,2.8
159956,0.14,-2.06,1.12
510680,0.21,-2.08,2.36
501010,0.01,-2.08,1.99
159845,-0.03,-2.08,1.65
588290,0.4,-2.09,0.73
159303,0.36,-2.09,0.41
560860,0.17,-2.09,0.4
159958,0.12,-2.1,1.14
159880,0.13,-2.13,0.94
159570,0.41,-2.16,0.48
501079,0.31,-2.16,0.84
560660,0.28,-2.16,0.64
159994,0.17,-2.18,0.67
159871,0.14,-2.18,0.92
159509,0.6,-2.19,0.53
159583,0.58,-2.19,0.18
159738,0.29,-2.19,0.55
512930,0.21,-2.2,0.76
501038,0.09,-2.2,1.2
513050,0.01,-2.2,1.81
159933,0.19,-2.21,1.27
159952,0.12,-2.22,1.15
508002,0.64,-2.24,0.75
515200,0.14,-2.25,1.07
516650,0.07,-2.25,0.81
159995,0.14,-2.27,1.04
159961,0.13,-2.3,1.32
501071,0.11,-2.33,0.85
513600,0.04,-2.33,1.25
501001,0.06,-2.35,1.59
159881,0.04,-2.35,0.93
159529,0.22,-2.37,0.63
501051,0.14,-2.37,1.11
159973,0.11,-2.37,1.18
159905,0.07,-2.39,1.56
159558,0.6,-2.4,0.37
159824,0.06,-2.41,1.09
159681,0.14,-2.43,0.46
512400,0.1,-2.43,0.91
510650,0.18,-2.45,0.91
513660,0.1,-2.46,1.24
501065,0.05,-2.47,1.57
508001,-0.38,-2.48,2.08
588320,0.17,-2.52,0.41
512760,0.15,-2.54,1.08
517390,0.24,-2.55,0.56
501090,0.06,-2.55,0.98
501022,0.19,-2.56,0.81
513300,0.26,-2.57,0.58
501085,0.24,-2.57,0.92
510510,0.11,-2.57,2.06
560780,0.49,-2.59,0.33
159682,0.16,-2.59,0.42
501201,-0.14,-2.59,1.63
159300,0.98,-2.61,0.83
159985,0.17,-2.61,0.62
159935,0.11,-2.62,1.81
159671,0.16,-2.63,0.33
563010,0.37,-2.65,0.31
508077,0.12,-2.66,1.03
159633,0.2,-2.69,0.99
588460,0.16,-2.7,0.41
159506,0.14,-2.71,0.48
515070,0.11,-2.72,0.75
159923,0.1,-2.74,1.41
159929,0.03,-2.77,1.64
512580,0.03,-2.78,1.13
159977,0.09,-2.79,1.03
159913,0.11,-2.8,1.01
560300,0.49,-2.81,0.37
159665,0.27,-2.81,0.48
159949,0.06,-2.81,0.93
513090,0.19,-2.83,0.65
159632,0.37,-2.84,0.5
159936,0.09,-2.84,1.58
159910,0.11,-2.85,1.08
506002,0.13,-2.86,0.6
508019,-0.18,-2.86,0.84
159629,0.17,-2.87,1.02
562590,0.32,-2.88,0.34
159912,0.07,-2.88,1.26
512190,0.25,-2.92,0.47
516010,0.07,-2.92,0.95
512290,-0.02,-2.92,1.64
159552,0.71,-2.93,0.3
560010,0.15,-2.93,1.1
159857,-0.01,-2.93,1.04
159527,0.54,-2.94,0.49
159557,0.42,-2.94,0.38
515650,0.04,-2.96,1.09
510290,0.12,-2.97,1.64
510090,0.12,-2.97,0.87
159931,0.09,-2.97,0.99
508099,-0.53,-2.97,2.2
159776,0.06,-2.98,0.75
510060,0.05,-2.98,1.33
513750,0.46,-3.0,0.25
508009,-0.08,-3.0,1.8
508088,0.06,-3.02,1.17
512640,0.07,-3.03,1.07
501015,0.12,-3.05,0.47
516880,-0.01,-3.06,1.03
159516,0.3,-3.08,0.32
512480,0.15,-3.1,0.95
588350,0.16,-3.12,0.42
159906,0.03,-3.12,1.14
159603,0.12,-3.13,0.44
512870,0.03,-3.13,1.21
515790,-0.06,-3.13,1.3
159325,0.44,-3.14,0.31
159869,0.09,-3.14,0.97
516180,-0.01,-3.14,0.98
159997,0.07,-3.19,0.63
588100,0.27,-3.22,0.58
159819,0.08,-3.22,0.5
512090,0.14,-3.23,0.67
512510,0.04,-3.24,0.98
588680,0.68,-3.25,0.32
511220,0.33,-3.25,0.44
515210,0.11,-3.27,1.3
501203,0.06,-3.27,0.6
159555,0.45,-3.28,0.23
513120,0.11,-3.28,0.57
159676,0.21,-3.3,0.34
159982,0.16,-3.31,0.63
562660,0.3,-3.33,0.26
512690,0.05,-3.36,0.71
159546,0.4,-3.37,0.4
159890,0.12,-3.37,0.73
159969,0.05,-3.37,1.02
502003,0.04,-3.39,0.79
501225,0.36,-3.4,0.44
516770,0.12,-3.4,0.94
516850,-0.14,-3.4,1.32
588260,0.25,-3.41,0.63
501026,0.09,-3.41,0.76
508015,-0.46,-3.41,2.83
159553,0.5,-3.43,0.25
159709,0.08,-3.43,0.45
512990,0.07,-3.43,0.72
516510,0.12,-3.44,0.71
515750,0.08,-3.44,0.7
516590,-0.05,-3.44,1.04
501097,0.15,-3.45,0.46
159560,0.42,-3.46,0.33
512550,0.08,-3.47,0.83
512360,0.13,-3.48,0.73
159675,0.08,-3.48,0.45
159804,0.06,-3.48,0.8
501080,0.05,-3.49,1.04
512150,0.11,-3.5,0.77
508066,-0.14,-3.5,1.6
512200,-0.14,-3.5,1.99
502023,0.05,-3.51,1.32
159903,0.03,-3.51,1.09
512160,0.11,-3.52,0.64
502000,0.09,-3.52,0.82
506001,0.11,-3.54,0.53
159615,0.06,-3.54,0.62
512520,0.11,-3.55,0.61
159713,0.07,-3.55,0.6
516520,0.05,-3.55,0.65
516330,0.04,-3.55,0.58
513280,0.06,-3.56,0.61
501032,0.16,-3.57,0.73
515320,0.07,-3.58,0.53
159810,0.02,-3.58,0.88
588120,0.1,-3.59,0.47
159813,0.04,-3.63,0.75
515250,0.03,-3.63,0.66
588030,0.11,-3.64,0.47
588190,0.1,-3.64,0.47
501019,0.05,-3.64,0.77
159808,0.03,-3.66,0.85
501028,0.08,-3.67,0.82
159943,0.06,-3.67,0.67
588220,0.1,-3.68,0.47
501088,-0.01,-3.68,1.11
513200,0.05,-3.7,0.61
515160,0.1,-3.71,0.59
508036,-0.77,-3.71,0.74
588370,0.12,-3.72,0.41
512330,0.06,-3.73,0.77
516660,-0.08,-3.75,1.13
506005,0.09,-3.76,0.54
510360,0.07,-3.76,0.8
520500,0.44,-3.78,0.52
515860,0.06,-3.78,0.73
501018,0.02,-3.79,1.1
501311,0.01,-3.8,1.28
510550,0.1,-3.81,0.75
516630,0.15,-3.82,0.71
515850,0.09,-3.83,0.58
501096,0.04,-3.83,0.73
159755,-0.05,-3.83,0.95
159747,-0.11,-3.83,1.08
513190,0.4,-3.84,0.21
159976,0.07,-3.84,0.71
512670,0.05,-3.86,0.72
512680,0.03,-3.86,0.76
512660,0.02,-3.86,0.75
159363,0.42,-3.87,0.16
515590,0.13,-3.87,0.6
501076,0.13,-3.87,0.54
510560,0.05,-3.87,0.65
159888,0.01,-3.87,0.71
513140,0.24,-3.88,0.22
159732,0.03,-3.88,0.54
501060,0.24,-3.89,0.47
159971,0.08,-3.89,0.71
516380,-0.07,-3.9,0.93
513000,0.16,-3.91,0.39
159773,0.02,-3.91,0.58
561800,-0.03,-3.91,0.77
512180,0.1,-3.92,0.57
513520,0.16,-3.94,0.4
159739,0.16,-3.95,0.68
159715,0.07,-3.95,0.51
159786,0.03,-3.95,0.54
588230,0.42,-3.96,0.2
501045,0.06,-3.96,0.74
501061,0.38,-3.98,0.62
515810,0.1,-3.98,0.57
501021,0.04,-3.98,1.02
159861,-0.1,-3.98,1.09
501070,0.15,-3.99,0.34
512970,0.07,-3.99,0.72
159608,0.04,-4.0,0.69
562800,-0.03,-4.0,0.65
562010,-0.02,-4.02,0.43
501062,0.2,-4.03,0.34
561600,0.02,-4.03,0.57
159944,0.07,-4.04,0.8
159805,-0.01,-4.05,0.73
588500,0.7,-4.07,0.39
159777,0.01,-4.07,0.59
513040,0.11,-4.09,0.42
501043,0.07,-4.09,0.76
510630,0.05,-4.09,0.91
588050,-0.01,-4.09,0.95
560360,0.41,-4.1,0.42
588210,0.2,-4.1,0.29
588090,-0.02,-4.11,0.96
512380,0.1,-4.12,0.59
159806,0.05,-4.12,0.76
588000,-0.02,-4.12,0.98
159326,0.27,-4.13,0.22
159981,0.08,-4.13,1.09
561310,0.04,-4.13,0.45
502056,-0.01,-4.13,1.38
508021,-0.27,-4.13,1.87
159667,0.21,-4.15,0.31
159337,0.25,-4.19,0.19
501220,0.08,-4.21,0.36
515390,0.08,-4.21,0.56
159663,0.19,-4.22,0.33
516050,0.03,-4.25,0.57
159660,0.36,-4.26,0.51
159970,0.05,-4.27,0.69
510380,0.05,-4.29,0.62
159796,0.05,-4.33,0.68
502010,0.03,-4.33,0.69
159836,0.01,-4.34,0.65
561280,0.26,-4.35,0.21
159685,0.1,-4.35,0.39
513880,0.14,-4.38,0.38
501073,0.09,-4.38,0.28
515310,0.08,-4.38,0.59
516350,0.07,-4.38,0.42
159993,0.07,-4.38,0.52
561160,-0.04,-4.38,0.6
501091,-0.05,-4.38,1.17
159612,0.26,-4.39,0.43
510800,0.06,-4.39,0.63
515010,0.07,-4.41,0.58
588880,0.18,-4.42,0.29
513500,0.17,-4.42,0.56
515330,0.07,-4.42,0.62
516260,0.07,-4.42,0.43
510230,0.07,-4.42,0.65
516390,-0.06,-4.42,0.91
159775,-0.01,-4.44,0.74
515090,0.07,-4.47,0.54
159876,0.07,-4.47,0.49
588310,0.01,-4.48,0.54
159540,0.26,-4.49,0.31
515130,0.03,-4.49,0.72
159656,0.04,-4.5,0.4
516190,0.01,-4.51,0.62
516920,0.04,-4.52,0.52
159821,0.02,-4.53,0.7
159637,-0.02,-4.53,0.57
159532,0.26,-4.54,0.22
588800,0.21,-4.54,0.24
508048,0.37,-4.57,0.7
512910,0.05,-4.58,0.75
588360,0.03,-4.58,0.5
159896,0.03,-4.59,0.43
159895,0.02,-4.59,0.48
501016,0.03,-4.6,0.57
563200,0.25,-4.62,0.21
517900,0.14,-4.62,0.25
506006,0.03,-4.62,0.56
502013,-0.02,-4.62,1.32
516640,0.04,-4.63,0.5
159841,0.03,-4.63,0.5
508033,-0.33,-4.64,0.58
502006,0.05,-4.65,0.54
516360,-0.11,-4.65,0.96
510410,0.07,-4.67,0.7
513070,0.05,-4.67,0.45
588900,0.28,-4.69,0.24
515580,0.11,-4.69,0.37
515800,0.08,-4.71,0.52
517800,0.02,-4.71,0.52
560000,-0.1,-4.72,0.75
515000,0.06,-4.73,0.59
159703,-0.12,-4.73,0.96
159505,0.34,-4.74,0.21
159840,-0.06,-4.74,0.77
501208,0.03,-4.77,0.64
501093,-0.08,-4.77,1.06
501089,0.04,-4.79,0.67
513100,0.14,-4.8,0.4
159726,0.06,-4.8,0.41
501048,0.05,-4.8,0.63
515190,0.04,-4.8,0.63
501050,0.06,-4.81,0.71
159767,-0.05,-4.81,0.75
506000,0.08,-4.82,0.44
501098,0.05,-4.82,0.62
501047,0.04,-4.82,0.66
513810,0.28,-4.83,0.19
515920,0.05,-4.83,0.45
159757,-0.01,-4.83,0.68
159928,0.04,-4.85,0.84
515550,0.1,-4.86,0.58
159782,0.01,-4.86,0.51
159783,0.02,-4.87,0.47
506003,0.04,-4.88,0.5
501095,-0.05,-4.88,0.81
513060,-0.14,-4.88,0.94
159801,0.07,-4.89,0.53
588390,0.03,-4.89,0.45
588300,0.02,-4.89,0.48
588280,-0.02,-4.89,0.61
159720,-0.06,-4.89,0.77
159563,0.39,-4.9,0.43
513290,0.15,-4.9,0.34
561910,-0.06,-4.9,0.75
588700,0.05,-4.92,0.34
159533,0.53,-4.93,0.29
588750,0.36,-4.93,0.33
512710,0.03,-4.93,0.55
513390,0.36,-4.94,0.51
588400,0.02,-4.94,0.46
159538,0.22,-4.95,0.3
501037,0.05,-4.95,0.51
588330,0.03,-4.95,0.46
159781,0.01,-4.95,0.51
159886,-0.09,-4.95,0.86
159780,0.01,-4.96,0.51
562820,0.66,-4.97,0.48
560220,0.22,-4.97,0.26
159655,0.28,-4.98,0.5
516960,-0.08,-4.98,0.83
561780,0.22,-5.01,0.21
159965,0.1,-5.01,0.51
159779,0.07,-5.01,0.37
512570,0.03,-5.01,0.55
159678,0.15,-5.02,0.2
159539,0.23,-5.04,0.3
562880,-0.02,-5.04,0.66
515950,-0.12,-5.04,1.35
159692,0.1,-5.05,0.4
510010,0.06,-5.05,0.74
501036,0.05,-5.05,0.68
561100,0.12,-5.06,0.32
159310,0.65,-5.07,0.42
159599,0.64,-5.07,0.43
159658,0.15,-5.07,0.59
159565,0.25,-5.08,0.31
512900,0.04,-5.08,0.6
501205,-0.03,-5.08,0.66
501025,0.09,-5.09,0.51
515630,0.01,-5.09,0.57
159537,0.22,-5.1,0.29
588160,-0.04,-5.1,0.65
562950,0.13,-5.11,0.28
512700,0.1,-5.11,0.37
513110,0.34,-5.12,0.48
513550,0.02,-5.12,0.45
501200,-0.14,-5.12,0.95
159622,0.08,-5.13,0.37
512730,0.14,-5.15,0.3
512650,0.04,-5.15,0.6
588010,-0.03,-5.15,0.62
159680,0.12,-5.16,0.34
159502,0.17,-5.2,0.38
561590,0.09,-5.2,0.38
159938,-0.05,-5.2,0.7
563030,0.11,-5.22,0.28
513560,0.14,-5.23,0.4
513030,0.08,-5.24,0.46
517850,-0.01,-5.27,0.59
159150,0.32,-5.29,0.3
515020,0.13,-5.29,0.31
159875,-0.1,-5.3,0.74
159752,-0.1,-5.3,0.83
159716,0.01,-5.31,0.47
512880,0.03,-5.33,0.61
159541,0.26,-5.34,0.38
159967,0.05,-5.34,0.53
159688,0.04,-5.34,0.39
512980,-0.01,-5.35,0.62
515770,0.03,-5.37,0.6
502048,0.03,-5.38,0.52
159974,0.14,-5.39,0.37
517660,0.05,-5.39,0.39
516270,-0.1,-5.39,0.83
560880,0.11,-5.4,0.28
159842,0.03,-5.4,0.43
159766,-0.05,-5.4,0.61
159855,-0.04,-5.43,0.68
516580,-0.11,-5.43,0.85
159519,0.16,-5.44,0.24
159920,0.05,-5.44,0.77
159718,0.01,-5.45,0.49
516320,-0.05,-5.45,0.67
513950,0.19,-5.46,0.15
515980,0.05,-5.47,0.38
513320,0.05,-5.47,0.43
159866,0.08,-5.48,0.34
159872,-0.02,-5.49,0.56
159909,0.06,-5.5,0.65
510270,0.05,-5.51,0.79
560980,-0.07,-5.51,0.53
588180,-0.02,-5.53,0.57
513870,0.29,-5.56,0.38
159535,0.17,-5.57,0.27
512390,0.1,-5.57,0.4
560500,0.02,-5.58,0.4
159889,-0.02,-5.58,0.58
159350,0.31,-5.59,0.34
517180,0.13,-5.59,0.27
159788,0.12,-5.6,0.3
513080,0.15,-5.63,0.35
560280,0.29,-5.64,0.25
561550,0.05,-5.65,0.34
513530,0.19,-5.66,0.24
159907,0.04,-5.66,0.78
501206,-0.04,-5.66,0.64
512260,0.09,-5.67,0.46
159679,0.07,-5.67,0.36
502053,0.03,-5.67,0.57
159639,0.01,-5.67,0.36
512820,0.1,-5.68,0.37
515290,0.09,-5.74,0.23
159701,0.04,-5.74,0.38
562990,0.02,-5.74,0.34
159543,0.2,-5.75,0.22
561190,0.03,-5.76,0.33
563000,0.01,-5.77,0.39
501011,0.01,-5.78,0.5
159725,0.01,-5.79,0.54
516980,0.01,-5.79,0.43
515990,0.09,-5.8,0.46
159991,0.04,-5.8,0.45
513850,0.28,-5.81,0.37
516210,0.11,-5.82,0.23
515560,-0.01,-5.82,0.5
159641,0.04,-5.83,0.3
508003,-0.38,-5.83,0.73
159531,0.19,-5.84,0.23
501219,0.18,-5.84,0.3
159601,0.01,-5.84,0.39
159567,0.18,-5.85,0.25
516110,0.05,-5.85,0.52
159892,-0.02,-5.85,0.47
516890,-0.07,-5.86,0.69
159356,0.29,-5.87,0.08
159536,0.2,-5.87,0.24
512600,0.04,-5.87,0.65
159820,0.03,-5.87,0.56
588060,-0.01,-5.87,0.57
562510,-0.08,-5.87,0.59
159887,0.08,-5.88,0.24
512720,0.02,-5.88,0.98
159770,-0.03,-5.88,0.53
159602,0.01,-5.9,0.39
501207,-0.05,-5.9,0.66
560050,0.01,-5.91,0.39
159618,-0.17,-5.91,0.99
159312,0.26,-5.92,0.2
501301,0.02,-5.92,0.7
159790,-0.08,-5.92,0.72
159630,0.07,-5.95,0.3
516220,-0.02,-5.95,0.77
159723,0.03,-5.96,0.39
515600,0.13,-5.97,0.34
516720,0.01,-5.98,0.4
561370,0.19,-5.99,0.23
159677,0.1,-5.99,0.32
516620,-0.08,-5.99,0.69
515110,0.12,-6.01,0.41
501029,0.11,-6.01,0.36
562310,0.01,-6.01,0.43
516020,-0.02,-6.02,0.75
513730,0.19,-6.03,0.46
159863,-0.11,-6.04,0.9
513020,0.06,-6.05,0.44
516730,0.03,-6.05,0.33
563300,0.15,-6.06,0.29
159996,0.08,-6.06,0.46
515150,0.1,-6.08,0.44
159940,0.04,-6.08,0.43
517350,-0.02,-6.08,0.51
512170,-0.02,-6.09,0.71
517090,0.12,-6.11,0.34
516120,-0.01,-6.12,0.72
159719,0.16,-6.14,0.3
560690,0.58,-6.15,0.32
516200,0.03,-6.15,0.44
159686,0.11,-6.16,0.21
159848,0.02,-6.16,0.38
159941,0.12,-6.18,0.31
501008,-0.01,-6.18,0.91
159711,0.13,-6.19,0.27
159975,0.05,-6.19,0.41
515900,0.11,-6.22,0.39
159980,0.17,-6.23,0.59
159512,0.15,-6.23,0.3
560380,0.29,-6.25,0.07
561950,0.15,-6.25,0.19
515680,0.12,-6.26,0.36
159640,0.04,-6.26,0.29
159814,0.03,-6.27,0.46
516310,0.12,-6.28,0.21
159627,0.07,-6.28,0.29
159556,0.13,-6.29,0.3
588150,0.02,-6.29,0.42
159885,-0.04,-6.3,0.62
513990,0.06,-6.31,0.52
510170,0.03,-6.35,0.47
560800,0.03,-6.36,0.41
560990,0.03,-6.37,0.36
159822,-0.09,-6.37,0.78
562320,0.12,-6.38,0.21
513630,0.24,-6.39,0.12
561180,0.09,-6.4,0.25
512560,0.03,-6.4,0.43
562910,-0.03,-6.4,0.48
159712,0.09,-6.41,0.28
159721,0.02,-6.42,0.37
560030,0.12,-6.43,0.21
159939,0.01,-6.45,1.37
159659,0.33,-6.46,0.44
561580,0.13,-6.46,0.12
159742,-0.06,-6.46,0.62
501059,0.22,-6.48,0.49
513180,-0.06,-6.48,0.61
560060,0.04,-6.49,0.3
159959,0.07,-6.51,0.34
513800,0.12,-6.52,0.32
513010,-0.05,-6.54,0.56
159561,0.26,-6.55,0.6
159870,-0.02,-6.55,0.71
159501,0.31,-6.56,0.38
159628,0.1,-6.56,0.34
159807,-0.01,-6.56,0.58
562300,-0.06,-6.56,0.58
159761,-0.06,-6.57,0.63
515450,0.16,-6.58,0.19
561000,0.1,-6.58,0.25
562920,-0.01,-6.6,0.42
513230,0.07,-6.62,0.34
513690,0.02,-6.63,0.39
513330,-0.09,-6.64,0.66
513160,0.11,-6.65,0.38
159763,-0.07,-6.66,0.58
561920,-0.12,-6.66,0.48
510200,-0.02,-6.67,0.6
159361,0.24,-6.69,0.11
562860,-0.11,-6.69,0.46
513580,-0.05,-6.71,0.56
516800,0.06,-6.73,0.3
560560,-0.08,-6.74,0.63
513150,0.08,-6.75,0.48
501302,0.02,-6.76,0.75
501188,-0.02,-6.77,0.62
562520,0.09,-6.79,0.43
159740,-0.05,-6.79,0.53
562970,0.23,-6.81,0.18
501305,0.03,-6.82,0.39
515760,0.07,-6.83,0.33
516100,0.1,-6.84,0.57
517300,-0.02,-6.87,0.45
159642,0.04,-6.88,0.26
517380,-0.05,-6.88,0.57
159864,-0.11,-6.88,0.79
516090,-0.05,-6.91,0.59
561130,-0.01,-6.92,0.41
508089,-0.24,-6.93,1.03
159623,0.04,-6.94,0.38
159521,0.14,-6.95,0.24
159792,-0.02,-6.95,0.54
561900,-0.04,-6.95,0.49
159930,0.05,-6.96,1.02
159954,0.02,-6.96,0.52
159573,0.24,-6.98,0.32
159572,0.24,-6.98,0.31
560330,0.12,-6.98,0.2
510770,-0.07,-6.98,0.61
501202,0.05,-7.0,0.34
516290,-0.16,-7.0,0.92
560950,0.15,-7.03,0.16
517100,0.01,-7.03,0.39
512070,0.03,-7.06,0.44
159750,0.05,-7.07,0.47
517030,0.03,-7.07,0.28
516710,-0.07,-7.08,0.63
512810,0.03,-7.09,0.4
513590,-0.02,-7.09,0.5
501087,-0.04,-7.09,1.32
159717,-0.01,-7.1,0.39
516570,-0.03,-7.1,0.48
159559,0.25,-7.12,0.35
159606,0.05,-7.12,0.32
159778,0.06,-7.14,0.35
513650,0.27,-7.15,0.35
517990,-0.07,-7.16,0.56
159858,-0.14,-7.16,0.92
159992,-0.14,-7.16,1.1
562570,0.29,-7.18,0.39
560590,0.19,-7.18,0.19
515220,0.13,-7.19,0.44
510570,0.04,-7.21,0.4
512950,0.06,-7.26,0.34
501312,0.36,-7.27,0.52
159610,0.04,-7.3,0.28
159743,0.09,-7.31,0.3
515080,0.15,-7.32,0.29
560650,0.01,-7.32,0.38
513700,-0.05,-7.32,0.53
512960,0.06,-7.33,0.33
501303,0.01,-7.35,0.56
159330,0.18,-7.38,0.15
513220,0.12,-7.39,0.32
159696,0.35,-7.4,0.38
517110,-0.05,-7.43,0.51
561010,0.19,-7.47,0.31
560100,0.06,-7.48,0.31
517170,0.01,-7.49,0.34
588780,0.25,-7.51,0.35
517010,0.05,-7.53,0.24
510370,-0.03,-7.54,0.49
513130,-0.05,-7.54,0.54
563520,0.22,-7.55,0.11
513860,-0.04,-7.56,0.58
517000,0.03,-7.57,0.29
512750,0.08,-7.59,0.28
516910,0.02,-7.6,0.39
513980,-0.03,-7.6,0.56
515100,0.15,-7.61,0.21
159748,-0.02,-7.64,0.44
159653,0.09,-7.65,0.21
516000,0.01,-7.65,0.7
517160,-0.01,-7.66,0.39
515300,0.11,-7.67,0.18
159609,-0.13,-7.68,0.63
516070,-0.03,-7.69,0.47
159673,0.13,-7.72,0.22
159513,0.28,-7.73,0.34
159631,0.12,-7.73,0.23
501310,0.05,-7.75,0.31
513210,0.29,-7.77,0.28
512530,0.1,-7.77,0.2
513260,0.14,-7.8,0.43
506008,0.03,-7.8,0.38
159960,0.02,-7.83,0.47
517120,-0.06,-7.83,0.57
159620,0.05,-7.86,0.36
517080,0.02,-7.88,0.32
159508,-0.08,-7.88,0.46
159751,0.05,-7.89,0.42
515260,0.03,-7.89,0.28
562340,0.2,-7.92,0.17
530180,0.23,-7.97,0.07
159360,0.22,-7.97,0.13
513890,0.07,-7.97,0.38
159793,0.03,-7.99,0.39
561990,0.03,-7.99,0.29
512120,0.01,-7.99,0.55
516950,-0.05,-8.01,0.52
501218,0.01,-8.04,0.38
510150,0.02,-8.05,0.51
560180,0.08,-8.06,0.22
562930,-0.01,-8.09,0.42
159741,-0.02,-8.1,0.4
560900,-0.05,-8.11,0.52
515230,-0.05,-8.12,0.69
510760,0.08,-8.15,0.22
517770,0.05,-8.17,0.43
517050,-0.02,-8.17,0.56
562360,0.01,-8.19,0.41
159530,0.18,-8.2,0.39
510210,0.04,-8.2,0.52
159362,0.21,-8.22,0.13
159966,0.03,-8.22,0.38
159666,0.01,-8.22,0.2
560530,0.16,-8.23,0.15
159510,0.16,-8.25,0.21
159661,0.2,-8.29,0.13
501030,-0.05,-8.29,0.7
159357,0.21,-8.3,0.13
159998,-0.06,-8.31,0.76
516550,-0.07,-8.32,0.57
159706,-0.01,-8.33,0.38
508010,-0.27,-8.33,1.0
159731,-0.01,-8.34,0.33
512020,0.21,-8.35,0.12
159358,0.21,-8.35,0.14
510980,0.22,-8.37,0.16
159735,-0.01,-8.38,0.49
563800,0.2,-8.43,0.12
563880,0.2,-8.43,0.13
562560,0.51,-8.44,0.34
517200,-0.04,-8.44,0.57
515960,-0.1,-8.44,0.96
159687,0.19,-8.47,0.6
588830,0.13,-8.49,0.53
520890,0.25,-8.51,0.23
159621,0.07,-8.51,0.25
159333,0.24,-8.52,0.28
159517,0.15,-8.63,0.14
501023,0.05,-8.63,0.52
516500,-0.16,-8.64,0.95
515910,-0.08,-8.65,0.64
560700,0.07,-8.67,0.16
159856,-0.01,-8.67,0.46
516860,0.1,-8.68,0.62
159827,-0.03,-8.68,0.49
530050,0.2,-8.71,0.09
159359,0.2,-8.71,0.13
512050,0.19,-8.71,0.13
561500,-0.02,-8.76,0.42
588860,0.09,-8.78,0.16
159353,0.15,-8.8,0.12
159607,0.06,-8.81,0.38
561120,0.12,-8.82,0.24
159616,-0.02,-8.83,0.4
563220,0.15,-8.84,0.13
159338,0.15,-8.88,0.12
560510,0.15,-8.88,0.12
512010,0.01,-8.89,0.58
517330,0.03,-8.94,0.29
560070,0.06,-8.96,0.16
508097,-0.25,-8.97,0.85
501307,0.04,-8.98,0.39
561960,0.07,-9.01,0.16
159662,0.01,-9.02,0.19
159730,0.03,-9.04,0.24
501031,-0.04,-9.07,0.71
159542,0.32,-9.08,0.19
501017,0.07,-9.12,0.29
501213,-0.01,-9.14,0.39
515060,-0.05,-9.14,0.73
515400,0.01,-9.15,0.63
516810,-0.02,-9.18,0.46
563360,0.15,-9.19,0.14
513170,0.27,-9.26,0.17
560110,0.07,-9.26,0.35
516970,-0.03,-9.27,0.52
159707,-0.13,-9.29,0.73
530000,0.16,-9.32,0.1
159825,-0.04,-9.34,0.49
159745,-0.14,-9.34,0.79
159352,0.15,-9.39,0.14
159605,0.07,-9.4,0.37
501215,0.03,-9.42,0.24
561930,0.17,-9.47,0.15
159768,-0.14,-9.48,0.62
512040,0.1,-9.5,0.19
159835,-0.1,-9.5,0.7
159576,0.26,-9.51,0.28
560610,0.15,-9.53,0.12
562500,0.03,-9.56,0.34
516750,-0.11,-9.59,0.7
159339,0.14,-9.6,0.13
562700,0.34,-9.63,0.28
159351,0.14,-9.63,0.14
515180,0.12,-9.67,0.26
159791,0.05,-9.69,0.28
159638,0.02,-9.7,0.34
563280,0.23,-9.73,0.29
159331,0.18,-9.73,0.24
159523,0.15,-9.76,0.26
508012,-0.24,-9.77,0.72
516600,-0.08,-9.85,0.6
159306,0.3,-9.87,0.26
159728,0.02,-9.88,0.57
513920,0.28,-9.89,0.21
501216,-0.02,-9.94,0.39
510030,0.05,-9.96,0.28
560680,-0.12,-10.06,0.55
159328,0.17,-10.11,0.08
159569,0.27,-10.12,0.13
510160,0.03,-10.21,0.45
516060,-0.09,-10.23,0.64
517880,-0.03,-10.24,0.33
159568,0.27,-10.27,0.46
560850,0.24,-10.33,0.4
501189,-0.02,-10.36,0.53
159945,0.05,-10.43,0.34
159551,0.14,-10.45,0.35
562330,0.08,-10.46,0.2
508031,0.23,-10.47,0.5
159849,-0.13,-10.5,0.75
159645,-0.16,-10.5,0.66
516930,-0.11,-10.57,0.59
515120,-0.06,-10.69,0.69
563050,0.06,-10.74,0.23
159636,0.07,-10.88,0.23
561510,0.03,-10.93,0.44
159657,-0.11,-10.97,0.42
562380,0.04,-11.04,0.25
501186,-0.05,-11.13,0.5
159873,-0.15,-11.14,0.88
159787,-0.08,-11.16,0.59
517550,-0.01,-11.17,0.35
516080,-0.05,-11.19,0.58
560090,0.09,-11.2,0.43
516130,-0.06,-11.22,0.4
516670,-0.06,-11.25,0.52
512000,0.01,-11.32,0.29
159590,0.15,-11.42,0.31
513380,0.02,-11.46,0.24
515890,0.1,-11.47,0.3
159838,-0.09,-11.48,0.54
512800,0.04,-11.53,0.18
560170,0.05,-11.57,0.23
159883,-0.16,-11.57,0.8
159691,0.14,-11.67,0.27
588450,0.48,-11.72,0.3
159577,0.2,-11.73,0.33
159643,-0.11,-11.78,0.54
562390,0.02,-11.83,0.43
159852,-0.02,-11.84,0.8
159837,-0.1,-11.84,0.75
513770,0.04,-11.88,0.24
159899,-0.01,-11.91,0.64
159587,0.16,-11.94,0.16
562850,0.14,-12.06,0.21
561760,0.05,-12.12,0.21
516610,-0.15,-12.13,0.76
513970,0.02,-12.14,0.28
561260,0.13,-12.18,0.3
159798,-0.05,-12.21,0.33
159515,0.08,-12.23,0.15
159635,0.05,-12.23,0.37
561790,0.13,-12.26,0.22
562550,0.03,-12.3,0.18
159647,0.03,-12.34,0.42
513360,-0.01,-12.34,0.27
159698,0.06,-12.38,0.23
516790,-0.11,-12.39,0.6
560260,-0.09,-12.42,0.38
560580,0.03,-12.45,0.18
159613,0.02,-12.49,0.53
562960,0.03,-12.5,0.18
159865,-0.06,-12.61,0.48
508069,0.13,-12.79,1.37
561200,0.23,-12.82,0.2
159795,0.07,-13.0,0.39
516760,-0.05,-13.1,0.5
159851,0.06,-13.16,0.34
516560,-0.04,-13.27,0.43
561560,0.04,-13.38,0.2
515710,-0.07,-13.4,0.62
159867,-0.04,-13.47,0.45
159839,-0.13,-13.5,0.74
561170,0.04,-13.61,0.18
501053,0.1,-13.83,0.12
159736,-0.11,-13.9,0.6
562580,0.17,-13.96,0.19
159797,-0.12,-13.96,0.55
515170,-0.07,-14.06,0.61
561570,0.11,-14.15,0.1
508022,-0.12,-14.25,0.7
516820,-0.09,-14.64,0.52
159877,-0.11,-14.71,0.55
159571,0.24,-14.81,0.32
159302,0.19,-14.86,0.14
562900,-0.05,-14.86,0.44
159335,0.14,-14.87,0.14
159619,0.05,-14.98,0.34
159828,-0.1,-15.04,0.85
512890,0.09,-15.06,0.15
159843,-0.07,-15.24,0.59
159329,-0.05,-15.33,0.43
159847,-0.1,-15.34,0.59
562000,0.04,-15.47,0.12
561700,0.03,-15.47,0.18
159859,-0.12,-15.51,0.63
159586,0.2,-15.62,0.39
501209,-0.13,-15.71,0.56
159611,0.03,-15.72,0.17
159617,0.13,-15.83,0.22
562350,0.03,-15.95,0.2
159318,0.31,-16.15,0.24
159697,0.07,-16.32,0.26
501212,0.01,-16.75,0.24
562530,0.1,-16.84,0.29
563500,0.11,-17.18,0.06
159760,-0.07,-17.21,0.43
159549,0.09,-17.32,0.1
159891,-0.12,-17.41,0.58
516900,-0.12,-18.01,0.64
159699,0.04,-18.02,0.23
159526,0.24,-18.6,0.41
520830,-0.05,-18.77,0.39
159862,-0.11,-19.45,0.53
159545,0.28,-20.13,0.14
563090,0.2,-20.27,0.2
561360,0.12,-20.27,0.25
159669,0.03,-20.31,0.15
513400,0.15,-21.23,0.25
560080,-0.06,-21.47,0.52
159898,-0.08,-21.47,0.51
560620,-0.07,-21.86,0.1
560020,0.06,-22.07,0.14
501300,0.01,-22.34,0.35
563180,0.08,-22.49,0.13
159307,0.11,-23.06,0.09
560520,0.09,-23.52,0.11
159589,0.06,-23.96,0.12
159575,0.25,-24.46,0.32
501211,0.02,-24.55,0.21
563150,0.1,-24.56,0.19
561060,0.06,-24.59,0.16
508005,-0.06,-26.32,0.61
561230,0.2,-26.36,0.21
562060,0.06,-26.67,0.08
513350,0.02,-26.8,0.39
563020,0.07,-26.94,0.12
159581,0.07,-27.76,0.12
159309,0.13,-27.93,0.18
563350,0.22,-28.24,0.2
560810,0.07,-28.41,0.12
159592,0.19,-30.0,0.21
159689,-0.07,-30.18,0.33
159355,0.06,-30.25,0.06
159672,-0.08,-31.5,0.38
159578,0.16,-31.87,0.19
562600,-0.03,-32.1,0.27
159332,0.11,-32.57,0.11
159301,0.06,-33.1,0.14
510720,0.01,-33.51,0.11
562890,0.21,-35.16,0.21
159591,0.21,-35.2,0.21
510950,0.2,-36.73,0.17
563080,0.21,-36.77,0.24
513820,0.19,-37.18,0.13
159547,0.08,-38.55,0.12
513910,0.27,-38.84,0.18
560150,0.08,-40.4,0.11
501222,0.05,-43.6,0.05
520520,0.01,-48.56,0.16
159595,0.2,-48.97,0.22
159525,0.08,-50.57,0.09
159593,0.2,-53.67,0.21
560350,0.2,-54.09,0.22
530880,0.03,-54.56,0.09
562030,0.03,-56.75,0.15
159588,0.09,-62.1,0.23
159596,0.1,-73.22,0.1
520660,0.17,-79.29,0.1
520990,0.17,-87.6,0.11
159520,0.01,-88.12,0.21
508086,0.14,-113.21,0.44
520900,0.17,-145.14,0.11
520600,0.01,-152.85,0.23
159528,0.16,-173.05,0.26
159800,0.32,-345.1,0.2
560890,0.06,-383.93,0.09
